timestamp,Schedule Name,Line No_,Row No_,Description,Totaling,Totaling Type,New Page,Indentation,Show,Dimension 1 Totaling,Dimension 2 Totaling,Dimension 3 Totaling,Dimension 4 Totaling,Bold,Italic,Underline,Show Opposite Sign,Row Type,Amount Type,Double Underline,Cost Center Totaling,Cost Object Totaling
0x0000000000053220,,10000,,,,0,0,0,0,,,,,0,0,0,0,0,0,0,,
0x0000000000053222,,20000,,,,0,0,0,0,,,,,0,0,0,0,0,0,0,,
0x0000000000053224,,30000,,,,0,0,0,0,,,,,0,0,0,0,0,0,0,,
0x0000000000053226,,40000,,,,0,0,0,0,,,,,0,0,0,0,0,0,0,,
0x000000000005322D,,50000,,,,0,0,0,0,,,,,0,0,0,0,0,0,0,,
0x000000000005322F,,60000,,,,0,0,0,0,,,,,0,0,0,0,0,0,0,,
0x0000000000053231,,70000,,,,0,0,0,0,,,,,0,0,0,0,0,0,0,,
0x0000000000053233,,80000,,,,0,0,0,0,,,,,0,0,0,0,0,0,0,,
0x0000000000053235,,90000,,,,0,0,0,0,,,,,0,0,0,0,0,0,0,,
0x000000000004B23D,ANALYSE,10000,,LIQUIDITÄTSANALYSE,,0,0,0,0,,,,,0,0,0,0,0,0,0,,
0x000000000004B23E,ANALYSE,20000,,,,0,0,0,0,,,,,0,0,0,0,0,0,0,,
0x000000000004B23F,ANALYSE,30000,,Kurzfristiges Umlaufvermögen,,0,0,0,0,,,,,0,0,0,0,0,0,0,,
0x000000000004B240,ANALYSE,40000,101,Lagerbest.,3987,1,0,0,0,,,,,0,0,0,0,0,0,0,,
0x000000000004B241,ANALYSE,50000,102,Debitoren,1499,1,0,0,0,,,,,0,0,0,0,0,0,0,,
0x000000000004B242,ANALYSE,60000,103,Sicherheiten,1509,1,0,0,0,,,,,0,0,0,0,0,0,0,,
0x000000000004B243,ANALYSE,70000,104,Flüssige Mittel,2990,1,0,0,0,,,,,0,0,0,0,0,0,0,,
0x000000000004B244,ANALYSE,80000,105,"Umlaufvermögen, gesamt",101..104,2,0,0,0,,,,,0,0,0,0,0,0,0,,
0x000000000004B245,ANALYSE,90000,,,,0,0,0,0,,,,,0,0,0,0,0,0,0,,
0x000000000004B246,ANALYSE,100000,,Kurzfristige Verbindlichkeiten,,0,0,0,0,,,,,0,0,0,0,0,0,0,,
0x000000000004B247,ANALYSE,110000,111,Überziehungskredit,1290,0,0,0,0,,,,,0,0,0,0,0,0,0,,
0x000000000004B248,ANALYSE,120000,112,Verbindlichkeiten a. LL,1659,1,0,0,0,,,,,0,0,0,0,0,0,0,,
0x000000000004B249,ANALYSE,130000,113,MwSt.,1798,1,0,0,0,,,,,0,0,0,0,0,0,0,,
0x000000000004B24A,ANALYSE,140000,114,Personalverbindlichkeiten,4198,1,0,0,0,,,,,0,0,0,0,0,0,0,,
0x000000000004B24B,ANALYSE,150000,115,Sonstige Verbindlichkeiten,5990,1,0,0,0,,,,,0,0,0,0,0,0,0,,
0x000000000004B24C,ANALYSE,160000,116,"Kurzfr. Verbindlichk., gesamt",111..115,2,0,0,0,,,,,0,0,0,0,0,0,0,,
0x000000000004B24D,ANALYSE,170000,,,,0,0,0,0,,,,,0,0,0,0,0,0,0,,
0x000000000004B24E,ANALYSE,180000,,Umlaufvermögen minus kurzfr. Verbindlichkeiten,105|116,2,0,0,0,,,,,0,0,0,0,0,0,0,,
0x000000000004B2AE,BILANZ,10000,,AKTIVA,,0,0,0,0,,,,,1,0,0,0,0,0,0,,
0x000000000004B2AF,BILANZ,20000,,,,0,0,0,0,,,,,0,0,0,0,0,0,0,,
0x000000000004B2B0,BILANZ,30000,,A. Anlagevermögen:,,0,0,0,0,,,,,1,0,0,0,0,0,0,,
0x000000000004B2B1,BILANZ,40000,,,,0,0,0,0,,,,,0,0,0,0,0,0,0,,
0x000000000004B2B2,BILANZ,50000,,"  I. Immaterielle Vermögensgegenstände:",,0,0,0,0,,,,,1,0,0,0,0,0,0,,
0x000000000004B2B3,BILANZ,60000,,,,0,0,0,0,,,,,0,0,0,0,0,0,0,,
0x000000000004B2B4,BILANZ,70000,,"    1. Konzessionen, gewerbliche Schutzrechte und",,0,0,0,0,,,,,0,0,0,0,0,0,0,,
0x000000000004B2B5,BILANZ,80000,,"        ähnliche Rechte und Werte sowie Lizenzen an",,0,0,0,0,,,,,0,0,0,0,0,0,0,,
0x000000000004B2B6,BILANZ,90000,,"        solchen Rechten  und Werten;",0031,1,0,0,0,,,,,0,0,0,0,0,0,0,,
0x000000000004B2B7,BILANZ,100000,,"    2. Geschäfts- oder Firmenwert;",0035,0,0,0,0,,,,,0,0,0,0,0,0,0,,
0x000000000004B2B8,BILANZ,110000,,"    3. geleistete Anzahlungen;",0038..0039,0,0,0,0,,,,,0,0,0,0,0,0,0,,
0x000000000004B2B9,BILANZ,120000,,,,0,0,0,0,,,,,0,0,0,0,0,0,0,,
0x000000000004B2BA,BILANZ,130000,,"  II. Sachanlagen:",,0,0,0,0,,,,,1,0,0,0,0,0,0,,
0x000000000004B2BB,BILANZ,140000,,,,0,0,0,0,,,,,0,0,0,0,0,0,0,,
0x000000000004B2BC,BILANZ,150000,,"    1. Grundstücke, grundstücksgleiche Rechte und",,0,0,0,0,,,,,0,0,0,0,0,0,0,,
0x000000000004B2BD,BILANZ,160000,,"         Bauten auf fremden Grundstücken;",0200,1,0,0,0,,,,,0,0,0,0,0,0,0,,
0x000000000004B2BE,BILANZ,170000,,"    2. technische Anlagen und Maschinen;",0300,1,0,0,0,,,,,0,0,0,0,0,0,0,,
0x000000000004B2BF,BILANZ,180000,,"    3. andere Anlagen und Maschinen;",0310..0491,0,0,0,0,,,,,0,0,0,0,0,0,0,,
0x000000000004B2C0,BILANZ,190000,,"    4. geleistete Anzahlungen und Anlagen in Bau;",0492,0,0,0,0,,,,,0,0,0,0,0,0,0,,
0x000000000004B2C1,BILANZ,200000,,,,0,0,0,0,,,,,0,0,0,0,0,0,0,,
0x000000000004B2C2,BILANZ,210000,,"  III. Finanzanlagen:",,0,0,0,0,,,,,1,0,0,0,0,0,0,,
0x000000000004B2C3,BILANZ,220000,,,,0,0,0,0,,,,,0,0,0,0,0,0,0,,
0x000000000004B2C4,BILANZ,230000,,"    1. Anteile an verbundenen Unternehmen;",0503,0,0,0,0,,,,,0,0,0,0,0,0,0,,
0x000000000004B2C5,BILANZ,240000,,"    2. Ausleihungen an verbundene Unternehmen;",0505,0,0,0,0,,,,,0,0,0,0,0,0,0,,
0x000000000004B2C6,BILANZ,250000,,"    3. Beteiligungen;",0513..0519,0,0,0,0,,,,,0,0,0,0,0,0,0,,
0x000000000004B2C7,BILANZ,260000,,"    4. Ausleihungen an Unternehmen, mit denen ein",,0,0,0,0,,,,,0,0,0,0,0,0,0,,
0x000000000004B2C8,BILANZ,270000,,"        Beteiligungsverhältnis besteht;",0520,0,0,0,0,,,,,0,0,0,0,0,0,0,,
0x000000000004B2C9,BILANZ,280000,,"    5. Wertpapiere des Anlagevermögens;",0595,1,0,0,0,,,,,0,0,0,0,0,0,0,,
0x000000000004B2CA,BILANZ,290000,,"    6. sonstige Ausleihungen.",,0,0,0,0,,,,,0,0,0,0,0,0,0,,
0x000000000004B2CB,BILANZ,300000,,,,0,1,0,0,,,,,0,0,0,0,0,0,0,,
0x000000000004B2CC,BILANZ,310000,,AKTIVA,,0,0,0,0,,,,,1,0,0,0,0,0,0,,
0x000000000004B2CD,BILANZ,320000,,,,0,0,0,0,,,,,0,0,0,0,0,0,0,,
0x000000000004B2CE,BILANZ,330000,,B. Umlaufvermögen:,,0,0,0,0,,,,,1,0,0,0,0,0,0,,
0x000000000004B2CF,BILANZ,340000,,,,0,0,0,0,,,,,0,0,0,0,0,0,0,,
0x000000000004B2D0,BILANZ,350000,,"  I. Vorräte:",,0,0,0,0,,,,,1,0,0,0,0,0,0,,
0x000000000004B2D1,BILANZ,360000,,,,0,0,0,0,,,,,0,0,0,0,0,0,0,,
0x000000000004B2D2,BILANZ,370000,,"    1. Roh-, Hilfs- und Betriebsstoffe;",3970,0,0,0,0,,,,,0,0,0,0,0,0,0,,
0x000000000004B2D3,BILANZ,380000,,"    2. unfertige Erzeugnisse, unfertige Leistungen;",3975..3976,0,0,0,0,,,,,0,0,0,0,0,0,0,,
0x000000000004B2D4,BILANZ,390000,,"    3. fertige Erzeugnisse und Waren;",3982,0,0,0,0,,,,,0,0,0,0,0,0,0,,
0x000000000004B2D5,BILANZ,400000,,"    4. geleistete Anzahlungen;",,0,0,0,0,,,,,0,0,0,0,0,0,0,,
0x000000000004B2D6,BILANZ,410000,,,,0,0,0,0,,,,,0,0,0,0,0,0,0,,
0x000000000004B2D7,BILANZ,420000,,"  II. Forderungen und sonstige",,0,0,0,0,,,,,1,0,0,0,0,0,0,,
0x000000000004B2D8,BILANZ,430000,,"      Vermögensgegenstände:",,0,0,0,0,,,,,1,0,0,0,0,0,0,,
0x000000000004B2D9,BILANZ,440000,,,,0,0,0,0,,,,,0,0,0,0,0,0,0,,
0x000000000004B2DA,BILANZ,450000,,"    1. Forderungen aus Lieferungen und Leistungen;",1401..1402,0,0,0,0,,,,,0,0,0,0,0,0,0,,
0x000000000004B2DB,BILANZ,460000,,"    2. Forderungen gegen verbundene Unternehmen;",1479,1,0,0,0,,,,,0,0,0,0,0,0,0,,
0x000000000004B2DC,BILANZ,470000,,"    3. Forderungen gegen Unternehmen, mit denen ein",,0,0,0,0,,,,,0,0,0,0,0,0,0,,
0x000000000004B2DD,BILANZ,480000,,"        Beteiligungsverhältnis besteht;",1489,1,0,0,0,,,,,0,0,0,0,0,0,0,,
0x000000000004B2DE,BILANZ,490000,,"    4. sonstige Vermögensgegenstände;",1509,1,0,0,0,,,,,0,0,0,0,0,0,0,,
0x000000000004B2DF,BILANZ,500000,,,,0,0,0,0,,,,,0,0,0,0,0,0,0,,
0x000000000004B2E0,BILANZ,510000,,"  III. Wertpapiere",,0,0,0,0,,,,,1,0,0,0,0,0,0,,
0x000000000004B2E1,BILANZ,520000,,,,0,0,0,0,,,,,0,0,0,0,0,0,0,,
0x000000000004B2E2,BILANZ,530000,,"    1. Anteile an verbundenen Unternehmen",,0,0,0,0,,,,,0,0,0,0,0,0,0,,
0x000000000004B2E3,BILANZ,540000,,"    2. eigene Anteile;",,0,0,0,0,,,,,0,0,0,0,0,0,0,,
0x000000000004B2E4,BILANZ,550000,,"    3. sonstige Wertpapiere;",,0,0,0,0,,,,,0,0,0,0,0,0,0,,
0x000000000004B2E5,BILANZ,560000,,,,0,0,0,0,,,,,0,0,0,0,0,0,0,,
0x000000000004B2E6,BILANZ,570000,,"  IV. Schecks, Kassenbestand, Bundesbank- und",,0,0,0,0,,,,,1,0,0,0,0,0,0,,
0x000000000004B2E7,BILANZ,580000,,"        Postgiroguthaben, Guthaben bei Kreditinstituten.",1331,1,0,0,0,,,,,1,0,0,0,0,0,0,,
0x000000000004B2E8,BILANZ,590000,,,,0,0,0,0,,,,,0,0,0,0,0,0,0,,
0x000000000004B2E9,BILANZ,600000,,C. Rechnungsabgrenzungsposten.,,0,0,0,0,,,,,1,0,0,0,0,0,0,,
0x000000000004B2EA,BILANZ,610000,,,,0,1,0,0,,,,,0,0,0,0,0,0,0,,
0x000000000004B2EB,BILANZ,620000,,PASSIVA,,0,0,0,0,,,,,1,0,0,0,0,0,0,,
0x000000000004B2EC,BILANZ,630000,,,,0,0,0,0,,,,,0,0,0,0,0,0,0,,
0x000000000004B2ED,BILANZ,640000,,A. Eigenkapital,,0,0,0,0,,,,,1,0,0,0,0,0,0,,
0x000000000004B2EE,BILANZ,650000,,,,0,0,0,0,,,,,0,0,0,0,0,0,0,,
0x000000000004B2EF,BILANZ,660000,,"  I. Gezeichnetes Kapital;",0839,1,0,0,0,,,,,1,0,0,0,0,0,0,,
0x000000000004B2F0,BILANZ,670000,,,,0,0,0,0,,,,,0,0,0,0,0,0,0,,
0x000000000004B2F1,BILANZ,680000,,"  II. Kapitalrücklage;",0844,1,0,0,0,,,,,1,0,0,0,0,0,0,,
0x000000000004B2F2,BILANZ,690000,,,,0,0,0,0,,,,,0,0,0,0,0,0,0,,
0x000000000004B2F3,BILANZ,700000,,"  III. Gewinnrücklagen:",,1,0,0,0,,,,,1,0,0,0,0,0,0,,
0x000000000004B2F4,BILANZ,710000,,,,0,0,0,0,,,,,0,0,0,0,0,0,0,,
0x000000000004B2F5,BILANZ,720000,,"    1. gesetzliche Rücklage;",0846..0848,0,0,0,0,,,,,0,0,0,0,0,0,0,,
0x000000000004B2F6,BILANZ,730000,,"    2. Rücklage für eigene Anteile;",0850,0,0,0,0,,,,,0,0,0,0,0,0,0,,
0x000000000004B2F7,BILANZ,740000,,"    3. satzungsmäßige Rücklagen;",0851..0854,0,0,0,0,,,,,0,0,0,0,0,0,0,,
0x000000000004B2F8,BILANZ,750000,,"    4. andere Gewinnrücklagen;",0855,0,0,0,0,,,,,0,0,0,0,0,0,0,,
0x000000000004B2F9,BILANZ,760000,,,,0,0,0,0,,,,,0,0,0,0,0,0,0,,
0x000000000004B2FA,BILANZ,770000,,"  IV. Gewinnvortrag/Verlustvortrag;",2879,1,0,0,0,,,,,1,0,0,0,0,0,0,,
0x000000000004B2FB,BILANZ,780000,,,,0,0,0,0,,,,,0,0,0,0,0,0,0,,
0x000000000004B2FC,BILANZ,790000,,"  V. Jahresüberschuß/Jahresfehlbetrag.",,0,0,0,0,,,,,0,0,0,0,0,0,0,,
0x000000000004B2FD,BILANZ,800000,,,,0,0,0,0,,,,,0,0,0,0,0,0,0,,
0x000000000004B2FE,BILANZ,810000,,B. Rückstellungen:,,0,0,0,0,,,,,1,0,0,0,0,0,0,,
0x000000000004B2FF,BILANZ,820000,,,,0,0,0,0,,,,,0,0,0,0,0,0,0,,
0x000000000004B301,BILANZ,830000,,"    1. Rückstellungen für Pensionen und ähnliche",,0,0,0,0,,,,,0,0,0,0,0,0,0,,
0x000000000004B302,BILANZ,840000,,"        Verpflichtungen;",0950,0,0,0,0,,,,,0,0,0,0,0,0,0,,
0x000000000004B303,BILANZ,850000,,"    2. Steuerrückstellungen;",0955..0969,0,0,0,0,,,,,0,0,0,0,0,0,0,,
0x000000000004B304,BILANZ,860000,,"    3. sonstige Rückstellungen.",0970,0,0,0,0,,,,,0,0,0,0,0,0,0,,
0x000000000004B305,BILANZ,870000,,,,0,0,0,0,,,,,0,0,0,0,0,0,0,,
0x000000000004B306,BILANZ,880000,,C. Verbindlichkeiten:,,0,0,0,0,,,,,1,0,0,0,0,0,0,,
0x000000000004B307,BILANZ,890000,,,,0,0,0,0,,,,,0,0,0,0,0,0,0,,
0x000000000004B308,BILANZ,900000,,"    1. Anleihen, davon konvertibel,",0626,1,0,0,0,,,,,0,0,0,0,0,0,0,,
0x000000000004B309,BILANZ,910000,,"    2. Verbindlichkeiten gegenüber Kreditinstituten;",0698,1,0,0,0,,,,,0,0,0,0,0,0,0,,
0x000000000004B30A,BILANZ,920000,,"    3. erhaltene Anzahlungen auf Bestellungen;",,0,0,0,0,,,,,0,0,0,0,0,0,0,,
0x000000000004B30B,BILANZ,930000,,"    4. Verbindlichkeiten aus Lieferungen und Leistungen;",1601..1602,0,0,0,0,,,,,0,0,0,0,0,0,0,,
0x000000000004B30C,BILANZ,940000,,"    5. Verbindlichkeiten aus der Annahme gezogener",,0,0,0,0,,,,,0,0,0,0,0,0,0,,
0x000000000004B30D,BILANZ,950000,,"         Wechsel und der Ausstellung eigener Wechsel;",,0,0,0,0,,,,,0,0,0,0,0,0,0,,
0x000000000004B30E,BILANZ,960000,,"    6. Verbindlichkeiten gegenüber verbundenen",,0,0,0,0,,,,,0,0,0,0,0,0,0,,
0x000000000004B30F,BILANZ,970000,,"         Unternehmen;",,0,0,0,0,,,,,0,0,0,0,0,0,0,,
0x000000000004B310,BILANZ,980000,,"    7. Verbindlichkeiten gegenüber Unternehmen,",,0,0,0,0,,,,,0,0,0,0,0,0,0,,
0x000000000004B311,BILANZ,990000,,"        mit denen ein Beteiligungsverhältnis besteht;",,0,0,0,0,,,,,0,0,0,0,0,0,0,,
0x000000000004B312,BILANZ,1000000,,"    8. sonstige Verbindlichkeiten;",,0,0,0,0,,,,,0,0,0,0,0,0,0,,
0x000000000004B313,BILANZ,1010000,,"        davon aus Steuern,",,0,0,0,0,,,,,0,0,0,0,0,0,0,,
0x000000000004B314,BILANZ,1020000,,"        davon im Rahmen der sozialen Sicherheit.",,0,0,0,0,,,,,0,0,0,0,0,0,0,,
0x000000000004B315,BILANZ,1030000,,,,0,0,0,0,,,,,0,0,0,0,0,0,0,,
0x000000000004B316,BILANZ,1040000,,D. Rechnungsabgrenzungsposten.,,0,0,0,0,,,,,1,0,0,0,0,0,0,,
0x000000000004B317,BILANZ,1050000,,,,0,0,0,0,,,,,0,0,0,0,0,0,0,,
0x000000000004B27C,CASHFLOW,10000,R10,Forderungen,0010,8,0,0,0,,,,,0,0,0,0,0,0,0,,
0x000000000004B27D,CASHFLOW,20000,R10,Offene Verkaufsaufträge,0020,8,0,0,0,,,,,0,0,0,0,0,0,0,,
0x000000000004B27E,CASHFLOW,30000,R10,Offene Serviceaufträge,0080,8,0,0,0,,,,,0,0,0,0,0,0,0,,
0x000000000004B27F,CASHFLOW,40000,R10,Miete,0030,8,0,0,0,,,,,0,0,0,0,0,0,0,,
0x000000000004B280,CASHFLOW,50000,R10,Finanzanlagen,0040,8,0,0,0,,,,,0,0,0,0,0,0,0,,
0x000000000004B281,CASHFLOW,60000,R10,Anlagenabgänge,0050,8,0,0,0,,,,,0,0,0,0,0,0,0,,
0x000000000004B282,CASHFLOW,70000,R10,Privatinvestitionen,0060,8,0,0,0,,,,,0,0,0,0,0,0,0,,
0x000000000004B284,CASHFLOW,80000,R10,Sonstige Lieferungen,0070,8,0,0,0,,,,,0,0,1,0,0,0,0,,
0x000000000004B285,CASHFLOW,90000,,,,8,0,0,0,,,,,0,0,0,0,0,0,0,,
0x000000000004B286,CASHFLOW,100000,R20,Zahlungseingänge gesamt,R10,2,0,0,0,,,,,1,0,0,0,0,0,0,,
0x000000000004B287,CASHFLOW,110000,,,,8,0,0,0,,,,,0,0,0,0,0,0,0,,
0x000000000004B288,CASHFLOW,120000,R30,Verbindlichkeiten,1010,8,0,0,0,,,,,0,0,0,0,0,0,0,,
0x000000000004B289,CASHFLOW,130000,R30,Offene Bestellungen,1020,8,0,0,0,,,,,0,0,0,0,0,0,0,,
0x000000000004B28A,CASHFLOW,140000,R30,Personalkosten,1030,8,0,0,0,,,,,0,0,0,0,0,0,0,,
0x000000000004B28B,CASHFLOW,150000,R30,Lfd. Kosten,1040,8,0,0,0,,,,,0,0,0,0,0,0,0,,
0x000000000004B28C,CASHFLOW,160000,R30,Finanzkosten,1050,8,0,0,0,,,,,0,0,0,0,0,0,0,,
0x000000000004B28D,CASHFLOW,170000,R30,Sonstige Kosten,1060,8,0,0,0,,,,,0,0,0,0,0,0,0,,
0x000000000004B28E,CASHFLOW,180000,R30,Investitionen,1070,8,0,0,0,,,,,0,0,0,0,0,0,0,,
0x000000000004B28F,CASHFLOW,190000,R30,Einlösung von Wechseln,1080,8,0,0,0,,,,,0,0,0,0,0,0,0,,
0x000000000004B290,CASHFLOW,200000,R30,Privatverbrauch,1090,8,0,0,0,,,,,0,0,0,0,0,0,0,,
0x000000000004B291,CASHFLOW,210000,R30,Fällige MwSt.,1100,8,0,0,0,,,,,0,0,0,0,0,0,0,,
0x000000000004B293,CASHFLOW,220000,R30,Sonstige Ausgaben,1110,8,0,0,0,,,,,0,0,1,0,0,0,0,,
0x000000000004B294,CASHFLOW,230000,,,,8,0,0,0,,,,,0,0,0,0,0,0,0,,
0x000000000004B295,CASHFLOW,240000,R40,Barausgaben gesamt,R30,2,0,0,0,,,,,1,0,0,0,0,0,0,,
0x000000000004B296,CASHFLOW,250000,,,,8,0,0,0,,,,,0,0,0,0,0,0,0,,
0x000000000004B297,CASHFLOW,260000,R50,Überschuss,R10|R40,2,0,0,0,,,,,1,0,0,0,0,0,0,,
0x000000000004B298,CASHFLOW,270000,,,,8,0,0,0,,,,,0,0,0,0,0,0,0,,
0x000000000004B29A,CASHFLOW,280000,R60,Cashflowmittel,2100,8,0,0,0,,,,,0,0,1,0,0,0,0,,
0x000000000004B29B,CASHFLOW,290000,,,,8,0,0,0,,,,,0,0,0,0,0,0,0,,
0x000000000004B29C,CASHFLOW,300000,R70,Cashflow gesamt,R50|R60,2,0,0,0,,,,,1,0,0,0,0,0,0,,
0x000000000004B318,G+V,10000,,Gewinn / Verlustrechnung,,0,0,0,0,,,,,1,0,0,0,0,0,0,,
0x000000000004B319,G+V,20000,,nach dem Umsatzkostenverfahren,,0,0,0,0,,,,,1,0,0,0,0,0,0,,
0x000000000004B31A,G+V,30000,,,,0,0,0,0,,,,,0,0,0,0,0,0,0,,
0x000000000008C384,G+V,40000,UK01,1.     Umsatzerlöse,8000..8550,0,0,0,0,,,,,0,0,0,1,0,0,0,,
0x000000000008C371,G+V,50000,,2.     Herstellungskosten der zur Erzielung,,0,0,0,0,,,,,0,0,0,0,0,0,0,,
0x000000000008C370,G+V,60000,UK02,"        der Umsatzerlöse erbrachten Leistungen",3000..3999,0,0,0,0,,,,,0,0,1,1,0,0,0,,
0x000000000004B31E,G+V,70000,SUM01,3.     Bruttoergebnis vom Umsatz,-UK01-UK02,2,0,0,0,,,,,1,0,0,0,0,0,0,,
0x000000000004B31F,G+V,80000,,,,0,0,0,0,,,,,0,0,0,0,0,0,0,,
0x000000000004B320,G+V,90000,UK04,4.     Vertriebskosten,,0,0,0,0,,,,,0,0,0,1,0,0,0,,
0x000000000004B321,G+V,100000,UK05,5.     allgemeine Verwaltungskosten,4997,0,0,0,0,,,,,0,0,0,1,0,0,0,,
0x000000000008C375,G+V,110000,UK06,6.     sonstige betriebliche Erträge,,0,0,0,0,,,,,0,0,0,1,0,0,0,,
0x000000000008C521,G+V,120000,UK07,7.     sonstige betriebliche Aufwendungen,4205..4305|4360..4500|4520..4868|4879..4911,0,0,0,0,,,,,0,0,1,1,0,0,0,,
0x000000000008C3D0,G+V,125000,SUM01.5,Sonstige Aufwändungen,UK04..UK07,2,0,0,0,,,,,0,0,0,0,0,0,0,,
0x000000000008C3D5,G+V,130000,SUM02,"        Ergebnis des Leistungsbereiches",SUM01+SUM01.5,2,0,0,0,,,,,1,0,0,0,0,0,0,,
0x000000000004B325,G+V,140000,,,,0,0,0,0,,,,,0,0,0,0,0,0,0,,
0x000000000008C39E,G+V,150000,UK08,8.     Erträge aus Beteiligungen,2600..2609,0,0,0,0,,,,,0,0,0,1,0,0,0,,
0x000000000008C3A2,G+V,160000,,"        davon aus verbundenen Unternehmen",2601,0,0,0,0,,,,,0,0,0,1,0,0,0,,
0x000000000004B328,G+V,170000,,9.     Erträge aus anderen Wertpapieren und,,0,0,0,0,,,,,0,0,0,0,0,0,0,,
0x000000000008C37B,G+V,180000,UK09,"        Ausleihungen des Finanzanlagevermögens,",2610..2620,0,0,0,0,,,,,0,0,0,1,0,0,0,,
0x000000000004B32A,G+V,190000,,"        davon aus verbundenen Unternehmen",,0,0,0,0,,,,,0,0,0,0,0,0,0,,
0x000000000008C37F,G+V,200000,UK10,10.  sonstige Zinsen und ähnliche Erträge,2686,0,0,0,0,,,,,0,0,0,1,0,0,0,,
0x000000000004B32C,G+V,210000,,"        davon aus verbundenen Unternehmen",,0,0,0,0,,,,,0,0,0,0,0,0,0,,
0x000000000004B32D,G+V,220000,,11.  Abschreibungen auf Finanzanlagen und,,0,0,0,0,,,,,0,0,0,0,0,0,0,,
0x000000000008C38B,G+V,230000,UK11,"       auf Wertpapiere des Umlaufvermögens",4869..4878,0,0,0,0,,,,,0,0,0,1,0,0,0,,
0x000000000008C38F,G+V,240000,UK12,"12.  Zinsen und ähnliche Aufwendungen,",2100..2177,0,0,0,0,,,,,0,0,0,1,0,0,0,,
0x000000000004B330,G+V,250000,,"       davon an verbundene Unternehmen",,0,0,0,0,,,,,0,0,1,0,0,0,0,,
0x000000000004B331,G+V,260000,SUM03,"       Finanzergebnis",-UK08-UK09-UK10-UK11-UK12,2,0,0,0,,,,,1,0,0,0,0,0,0,,
0x000000000004B332,G+V,270000,,,,0,0,0,0,,,,,0,0,0,0,0,0,0,,
0x000000000004B333,G+V,280000,,13.  Ergebnis der gewöhnlichen,,0,0,0,0,,,,,1,0,0,0,0,0,0,,
0x000000000004B334,G+V,290000,SUM04,"       Geschäftstätigkeit",SUM02+SUM03,2,0,0,0,,,,,1,0,0,0,0,0,0,,
0x000000000004B335,G+V,300000,,,,0,0,0,0,,,,,0,0,0,0,0,0,0,,
0x000000000008C393,G+V,310000,UK14,14.  außerordentliche Erträge,2500..2508,0,0,0,0,,,,,0,0,0,1,0,0,0,,
0x000000000008C395,G+V,320000,UK15,15.  außerordentliche Aufwendungen,2000..2008,0,0,0,0,,,,,0,0,1,1,0,0,0,,
0x000000000004B338,G+V,330000,SUM05,16.  außerordentliches Ergebnis,-UK14-UK15,2,0,0,0,,,,,1,0,0,0,0,0,0,,
0x000000000004B339,G+V,340000,,,,0,0,0,0,,,,,0,0,0,0,0,0,0,,
0x000000000004B33A,G+V,350000,UK17,17.  Steuern vom Einkommen und vom Ertrag,4320,0,0,0,0,,,,,0,0,0,1,0,0,0,,
0x000000000004F52F,G+V,360000,UK18,18.  sonstige Steuern,4340..4350|4510,0,0,0,0,,,,,0,0,1,1,0,0,0,,
0x000000000008C3E3,G+V,365000,SUM06,Steuern,UK17+UK18,2,0,0,0,,,,,0,0,0,0,0,0,0,,
0x000000000008C3E7,G+V,370000,SUM07,19.  Jahresüberschuß / Jahresfehlbetrag,SUM04+SUM05-SUM06,2,0,0,0,,,,,1,0,0,0,0,0,0,,
0x000000000004B29E,GRAD,10000,,Berechnungsgrundlage,,2,0,0,1,,,,,1,0,0,0,0,0,0,,
0x000000000004B2A0,GRAD,20000,R10,Cashflowmittel,2100,8,0,0,1,,,,,0,0,0,0,0,0,0,,
0x000000000004B2A2,GRAD,30000,R20,Monetäres Umlaufvermögen,0010|0030|0040|0060|2100,8,0,0,1,,,,,0,0,0,0,0,0,0,,
0x000000000004B2A4,GRAD,40000,R30,Kurzfristiges Umlaufvermögen,0010..0070|2100,8,0,0,1,,,,,0,0,0,0,0,0,0,,
0x000000000004B2A6,GRAD,50000,R40,Kurzfristige Verbindlichkeiten,1010..1100,8,0,0,1,,,,,0,0,0,1,0,0,0,,
0x000000000004B2A8,GRAD,60000,,,,8,0,0,1,,,,,0,0,0,0,0,0,0,,
0x000000000004B2A9,GRAD,70000,L1,Cashflow 1. Grades,R10/R40,2,0,0,0,,,,,1,0,0,1,0,0,0,,
0x000000000004B2AA,GRAD,80000,,,,8,0,0,0,,,,,0,0,0,0,0,0,0,,
0x000000000004B2AB,GRAD,90000,L2,Cashflow 2. Grades,R20/R40,2,0,0,0,,,,,1,0,0,1,0,0,0,,
0x000000000004B2AC,GRAD,100000,,,,8,0,0,0,,,,,0,0,0,0,0,0,0,,
0x000000000004B2AD,GRAD,110000,L3,Cashflow 3. Grades,R30/R40,2,0,0,0,,,,,1,0,0,1,0,0,0,,
0x0000000000053237,I_CACYCLE,10000,10,"Umsätze, gesamt",8550,1,0,0,0,,,,,0,0,0,0,1,0,0,,
0x0000000000053238,I_CACYCLE,20000,20,Forderungen gesamt,1499,1,0,0,0,,,,,0,0,0,0,1,0,0,,
0x0000000000053239,I_CACYCLE,30000,30,Verbindlichkeiten gesamt,1659,1,0,0,0,,,,,0,0,0,0,0,0,0,,
0x000000000005323A,I_CACYCLE,40000,40,Lager gesamt,3987,1,0,0,0,,,,,0,0,0,0,0,0,0,,
0x000000000005323B,I_CACYCLE,50000,100,Verkauf ausstehend in Tagen,-360*'20'/'10',2,0,0,0,,,,,0,0,0,0,1,0,0,,
0x000000000005323C,I_CACYCLE,60000,110,Zahlung ausstehend in Tagen,360*'30'/'10',2,0,0,0,,,,,0,0,0,0,1,0,0,,
0x000000000005323D,I_CACYCLE,70000,120,Dauer der Lagerverkäufe in Tagen,-360*'40'/'10',2,0,0,0,,,,,0,0,0,0,1,0,0,,
0x000000000005323E,I_CACYCLE,80000,200,Bargeldumlauf (Tage),100+110-120,2,0,0,0,,,,,0,0,0,0,1,0,0,,
0x000000000005321F,I_CASHFLOW,10000,10,Forderungen gesamt,1499,1,0,0,0,,,,,0,0,0,0,1,0,0,,
0x0000000000053221,I_CASHFLOW,20000,20,Verbindlichkeiten gesamt,1659,1,0,0,0,,,,,0,0,0,0,1,0,0,,
0x0000000000053223,I_CASHFLOW,30000,30,Liquide Mittel gesamt,2990|1290,1,0,0,0,,,,,0,0,0,0,1,0,0,,
0x0000000000053225,I_CASHFLOW,40000,40,Cashflow gesamt,10..30,2,0,0,0,,,,,0,0,0,0,1,0,0,,
0x0000000000053228,I_INCEXP,10000,10,Umsätze gesamt (Haben),8550,1,0,0,0,,,,,0,0,0,0,0,0,0,,
0x0000000000053229,I_INCEXP,20000,11,"Umsätze, gesamt",-10,2,0,0,0,,,,,0,0,0,0,0,0,0,,
0x000000000005322A,I_INCEXP,30000,20,Verkaufte Waren gesamt,5999,1,0,0,0,,,,,0,0,0,0,0,0,0,,
0x000000000005322B,I_INCEXP,40000,30,"Externe Kosten gesamt ",8695,1,0,0,0,,,,,0,0,0,0,0,0,0,,
0x000000000005322C,I_INCEXP,50000,40,Personalkosten gesamt,8790,1,0,0,0,,,,,0,0,0,0,0,0,0,,
0x000000000005322E,I_INCEXP,60000,50,AfA gesamt auf Sachanlagen,8890,1,0,0,0,,,,,0,0,0,0,0,0,0,,
0x0000000000053230,I_INCEXP,70000,60,Sonstige Ausgaben,3800,0,0,0,0,,,,,0,0,0,0,0,0,0,,
0x0000000000053232,I_INCEXP,80000,70,Gesamtaufwand,-20..60,2,0,0,0,,,,,0,0,0,0,0,0,0,,
0x0000000000053234,I_INCEXP,90000,80,Einnahmen vor Zinsen,11+70,2,0,0,0,,,,,0,0,0,0,0,0,0,,
0x0000000000053240,I_MINTRIAL,10000,10,"Umsätze, gesamt",8550,1,0,0,0,,,,,0,0,0,1,0,0,0,,
0x0000000000053241,I_MINTRIAL,20000,20,Gesamtkosten,5999,1,0,0,0,,,,,0,0,0,1,0,0,0,,
0x0000000000053242,I_MINTRIAL,30000,30,Bruttogewinnmarge,-10-20,2,0,0,0,,,,,0,0,0,0,0,0,0,,
0x0000000000053243,I_MINTRIAL,40000,40,Bruttogewinnmarge %,-'30'/'10'*100,2,0,0,0,,,,,0,0,0,0,0,0,0,,
0x0000000000053244,I_MINTRIAL,50000,50,Betriebliche Aufwendungen,8695|8790|8890,1,0,0,0,,,,,0,0,0,0,0,0,0,,
0x0000000000053245,I_MINTRIAL,60000,60,Umsatzrendite,30 - 50,2,0,0,0,,,,,0,0,0,0,0,0,0,,
0x0000000000053246,I_MINTRIAL,70000,70,Umsatzrendite %,-'60'/'10'*100,2,0,0,0,,,,,0,0,0,0,0,0,0,,
0x0000000000053247,I_MINTRIAL,80000,80,Sonstige Ausgaben,3800,0,0,0,0,,,,,0,0,0,0,0,0,0,,
0x0000000000053248,I_MINTRIAL,90000,90,Einnahmen vor Zinsen und Steuern,8995,1,0,0,0,,,,,0,0,0,1,0,0,0,,
0x000000000004B24F,KAMPAGNE,10000,,KAMPAGNENANALYSE,,0,0,0,0,,,,,1,0,0,0,0,0,0,,
0x000000000004B250,KAMPAGNE,20000,,,,0,0,0,0,,,,,0,0,0,0,0,0,0,,
0x000000000004B251,KAMPAGNE,30000,11,"Verkäufe, Handel - Inland",8400,0,0,0,0,SOMMER,,,,0,0,0,1,0,0,0,,
0x000000000004B252,KAMPAGNE,40000,12,"Einkäufe, Handel - Inland",3400,0,0,0,0,SOMMER,,,,0,0,0,1,0,0,0,,
0x000000000004B253,KAMPAGNE,50000,1,"Handelsspanne, Inland",-12-11,2,0,0,0,,,,,1,0,0,0,0,0,0,,
0x000000000004B254,KAMPAGNE,60000,,,,0,0,0,0,,,,,0,0,0,0,0,0,0,,
0x000000000004B255,KAMPAGNE,70000,21,"Verkäufe, Handel - EU",8315,0,0,0,0,SOMMER,,,,0,0,0,1,0,0,0,,
0x000000000004B256,KAMPAGNE,80000,22,"Einkäufe, Handel - EU",3425,0,0,0,0,SOMMER,,,,0,0,0,1,0,0,0,,
0x000000000004B257,KAMPAGNE,90000,2,"Handelsspanne, EU",-22-21,2,0,0,0,,,,,1,0,0,0,0,0,0,,
0x000000000004B258,KAMPAGNE,100000,,,,0,0,0,0,,,,,0,0,0,0,0,0,0,,
0x000000000004B259,KAMPAGNE,110000,31,"Verkäufe, Handel - Export",8120,0,0,0,0,SOMMER,,,,0,0,0,1,0,0,0,,
0x000000000004B25A,KAMPAGNE,120000,32,"Einkäufe, Handel - Export",3559,0,0,0,0,SOMMER,,,,0,0,0,1,0,0,0,,
0x000000000004B25B,KAMPAGNE,130000,3,"Handelsspanne, Export",-32-31,2,0,0,0,,,,,1,0,0,0,0,0,0,,
0x000000000004B25C,KAMPAGNE,140000,,,,0,0,0,0,,,,,0,0,0,0,0,0,0,,
0x000000000004B25D,KAMPAGNE,150000,,Kampagnenergebnis,1+2+3,2,0,0,0,,,,,1,0,0,0,0,0,0,,
0x000000000004B273,KR-DB,10000,100,KS-/KT-Zusammenfassungsbericht,,6,0,0,0,,,,,0,0,0,0,0,0,0,,
0x000000000004B274,KR-DB,20000,110,Umsätze,8400..6955,7,0,0,0,,,,,0,0,0,0,0,0,0,,
0x000000000004B275,KR-DB,30000,120,Erlösschmälerungen,4950..8791,6,0,0,0,,,,,0,0,0,0,0,0,0,,
0x000000000004B276,KR-DB,40000,130,Nettoumsatz,110..120,2,0,0,0,,,,,0,0,0,0,0,0,0,,
0x000000000004B277,KR-DB,50000,140,Materialkosten,3400..5094,6,0,0,0,,,,,0,0,0,0,0,0,0,,
0x000000000004B278,KR-DB,60000,160,Bruttogewinn,130..150,2,0,0,0,,,,,0,0,0,0,0,0,0,,
0x000000000004B279,KR-DB,70000,170,Direkte Gehaltskosten,8790,6,0,0,0,,,,,0,0,0,0,0,0,0,,
0x000000000004B27A,KR-DB,80000,300,Hauptkostenstellen,9902,6,0,0,0,,,,,0,0,0,0,0,0,0,,
0x000000000004B27B,KR-DB,90000,500,Umlagerungen gesamt,200..300,2,0,0,0,,,,,0,0,0,0,0,0,0,,
0x000000000004B26C,KR-PERS,10000,10,Personalkosten,,6,0,0,0,,,,,0,0,0,0,0,0,0,,
0x000000000004B26D,KR-PERS,20000,20,Monatsgehälter,4110..4124,6,0,0,0,,,,,0,0,0,0,0,0,0,,
0x000000000004B26E,KR-PERS,30000,40,Sozialversicherung,4130..4130,6,0,0,0,,,,,0,0,0,0,0,0,0,,
0x000000000004B26F,KR-UMLAG,10000,100,Umlagerungsgemeinkosten,,6,0,0,0,,,,,0,0,0,0,0,0,0,,
0x000000000004B270,KR-UMLAG,20000,200,Urspr. Kostenstellen,9901,6,0,0,0,,,,,0,0,0,0,0,0,0,,
0x000000000004B271,KR-UMLAG,30000,300,Hauptkostenstellen,9902,6,0,0,0,,,,,0,0,0,0,0,0,0,,
0x000000000004B272,KR-UMLAG,40000,500,Umlagerungen gesamt,200..300,2,0,0,0,,,,,0,0,0,0,0,0,0,,
0x0000000000062389,M-ABSCHL,10000,P0001,"Nicht ausgeschüttete Gewinne, Periodenanfang",0845..0869,0,0,0,0,,,,,0,0,0,1,2,0,0,,
0x000000000006238A,M-ABSCHL,20000,P0002,Nettoeinnahmen,1799..4830|4885..8995|996950..996959,0,0,0,0,,,,,0,0,1,1,0,0,0,,
0x000000000006238B,M-ABSCHL,30000,F0003,,P0001+P0002,2,0,0,0,,,,,0,0,0,1,0,0,0,,
0x000000000006238C,M-ABSCHL,40000,P0004,,,0,0,0,0,,,,,0,0,0,0,0,0,0,,
0x000000000006238D,M-ABSCHL,50000,P0005,Verteilungen an Anteilseigner,0871..0948,0,0,0,0,,,,,0,0,0,0,0,0,0,,
0x000000000006238F,M-ABSCHL,60000,P0006,,,0,0,0,0,,,,,0,0,1,0,0,0,0,,
0x0000000000062391,M-ABSCHL,70000,F0007,"Nicht ausgeschüttete Gewinne, Periodenende",F0003-P0005,2,0,0,0,,,,,1,0,1,1,1,0,0,,
0x0000000000062306,M-BILANZ,10000,P0001,Anlagen,0000..0596,0,0,0,0,,,,,1,0,0,0,0,0,0,,
0x0000000000062307,M-BILANZ,20000,P0002,Kurzfristiges Umlaufvermögen,0949..0998,0,0,1,0,,,,,1,0,0,0,0,0,0,,
0x0000000000062309,M-BILANZ,30000,P0003,Bar,1000..1391,0,0,2,2,,,,,0,0,0,0,0,0,0,,
0x000000000006230B,M-BILANZ,40000,P0004,Debitoren,1400..1598,0,0,2,2,,,,,0,0,0,0,0,0,0,,
0x000000000006230D,M-BILANZ,50000,P0005,Vorausbezahlte Aufwendungen,,0,0,2,2,,,,,0,0,0,0,0,0,0,,
0x000000000006230F,M-BILANZ,60000,P0006,Lagerbestand,,0,0,2,2,,,,,0,0,0,0,0,0,0,,
0x0000000000062310,M-BILANZ,70000,F0007,Total Kurzfristiges Umlaufvermögen,P0002..P0006,2,0,1,0,,,,,1,0,0,0,0,0,0,,
0x0000000000062311,M-BILANZ,80000,P0008,Anlagen,,0,0,1,0,,,,,1,0,0,0,0,0,0,,
0x0000000000062313,M-BILANZ,90000,P0009,Ausstattung,,0,0,2,2,,,,,0,0,0,0,0,0,0,,
0x0000000000062315,M-BILANZ,100000,P0010,Kumulierte Abschreibungen,4840..4884,0,0,2,2,,,,,0,0,0,0,0,0,0,,
0x0000000000062316,M-BILANZ,110000,F0011,Total Anlagen,P0008..P0010,2,0,1,0,,,,,1,0,0,0,0,0,0,,
0x0000000000062317,M-BILANZ,120000,F0012,Total Anlagen,P0001..P0011,2,0,0,0,,,,,1,0,0,0,0,0,0,,
0x0000000000062318,M-BILANZ,130000,P0013,,,0,0,0,0,,,,,0,0,0,0,0,0,0,,
0x0000000000062319,M-BILANZ,140000,P0014,Verbindlichkeiten,,0,0,0,0,,,,,1,0,0,1,0,0,0,,
0x000000000006231B,M-BILANZ,150000,P0015,Kurzfristige Verbindlichkeiten,1600..1704|1709..1738|1757..1798,0,0,1,2,,,,,0,0,0,1,0,0,0,,
0x000000000006231D,M-BILANZ,160000,P0016,Lohnverbindlichkeiten,1739..1756,0,0,1,2,,,,,0,0,0,1,0,0,0,,
0x000000000006231F,M-BILANZ,170000,P0017,Langfristige Verbindlichkeiten,0599..0789|1705..1708,0,0,1,2,,,,,0,0,0,1,0,0,0,,
0x0000000000062320,M-BILANZ,180000,F0018,Total Verbindlichkeiten,P0014..P0017,2,0,0,0,,,,,1,0,0,1,0,0,0,,
0x0000000000062321,M-BILANZ,190000,P0019,,,0,0,0,0,,,,,0,0,0,0,0,0,0,,
0x0000000000062322,M-BILANZ,200000,P0020,Eigenkapital,,0,0,0,0,,,,,1,0,0,1,0,0,0,,
0x0000000000062324,M-BILANZ,210000,P0021,Stammaktien,0790..0844,0,0,1,2,,,,,0,0,0,1,0,0,0,,
0x0000000000062326,M-BILANZ,220000,P0022,Nicht ausgeschüttete Gewinne,0845..0869|1799..4830|4885..8995|996950..996959,0,0,1,2,,,,,0,0,0,1,0,0,0,,
0x0000000000062328,M-BILANZ,230000,P0023,Verteilungen an Anteilseigner,0871..0948,0,0,1,2,,,,,0,0,0,1,0,0,0,,
0x0000000000062329,M-BILANZ,240000,F0024,Total Eigenkapital,P0020..P0023,2,0,0,0,,,,,1,0,0,1,0,0,0,,
0x000000000006232A,M-BILANZ,250000,P0025,,,0,0,0,0,,,,,0,0,0,0,0,0,0,,
0x000000000006232B,M-BILANZ,260000,F0026,Total Verbindlichkeiten und Eigenkapital,F0018+F0024,2,0,0,0,,,,,1,0,1,1,0,0,0,,
0x000000000006236C,M-CASHFLOW,10000,P0001,Betriebsaktivitäten,,0,0,0,0,,,,,1,0,0,1,0,0,0,,
0x000000000006236D,M-CASHFLOW,20000,P0002,Nettoeinnahmen,1799..4830|4885..8995|996950..996959,0,0,0,0,,,,,0,0,0,1,0,0,0,,
0x000000000006236E,M-CASHFLOW,30000,P0003,Regulierungen zum Abst. der Nettoeinnahmen auf vom Betrieb bereitg. Cashflow:,,0,0,0,0,,,,,0,0,0,0,0,0,0,,
0x000000000006236F,M-CASHFLOW,40000,P0004,Debitoren,1400..1598,0,0,1,0,,,,,0,0,0,0,0,0,0,,
0x0000000000062370,M-CASHFLOW,50000,P0005,Vorausbezahlte Aufwendungen,,0,0,1,0,,,,,0,0,0,0,0,0,0,,
0x0000000000062371,M-CASHFLOW,60000,P0006,Lagerbestand,,0,0,1,0,,,,,0,0,0,0,0,0,0,,
0x0000000000062372,M-CASHFLOW,70000,P0007,Kurzfristige Verbindlichkeiten,1600..1704|1709..1738|1757..1798,0,0,1,0,,,,,0,0,0,0,0,0,0,,
0x0000000000062374,M-CASHFLOW,80000,P0008,Lohnverbindlichkeiten,1739..1756,0,0,1,0,,,,,0,0,1,0,0,0,0,,
0x0000000000062376,M-CASHFLOW,90000,F0009,Von Betriebsaktivitäten bereitgestellter Cashflow,P0002+P0003..P0008,2,0,0,0,,,,,1,0,0,0,0,0,0,,
0x0000000000062377,M-CASHFLOW,100000,P0010,,,0,0,0,0,,,,,0,0,0,0,0,0,0,,
0x0000000000062378,M-CASHFLOW,110000,P0011,Investitionsaktivitäten,,0,0,0,0,,,,,1,0,0,0,0,0,0,,
0x0000000000062379,M-CASHFLOW,120000,P0012,Ausstattung,,0,0,1,0,,,,,0,0,0,0,0,0,0,,
0x000000000006237B,M-CASHFLOW,130000,P0013,Kumulierte Abschreibungen,4840..4884,0,0,1,0,,,,,0,0,1,0,0,0,0,,
0x000000000006237C,M-CASHFLOW,140000,F0014,Von Investitionsaktivitäten bereitgestellter Cashflow,P0011..P0013,2,0,0,0,,,,,1,0,0,0,0,0,0,,
0x000000000006237D,M-CASHFLOW,150000,P0015,,,0,0,0,0,,,,,0,0,0,0,0,0,0,,
0x000000000006237E,M-CASHFLOW,160000,P0016,Finanzierungsaktivitäten,,0,0,0,0,,,,,1,0,0,0,0,0,0,,
0x000000000006237F,M-CASHFLOW,170000,P0017,Langfristige Verbindlichkeiten,0599..0789|1705..1708,0,0,1,0,,,,,0,0,0,0,0,0,0,,
0x0000000000062381,M-CASHFLOW,180000,P0018,Verteilungen an Anteilseigner,0871..0948,0,0,1,0,,,,,0,0,1,0,0,0,0,,
0x0000000000062382,M-CASHFLOW,190000,F0019,Von Verteilung an Anteilseigner bereitgestellter Cashflow,P0016..P0018,2,0,0,0,,,,,1,0,0,0,0,0,0,,
0x0000000000062383,M-CASHFLOW,200000,P0020,,,0,0,0,0,,,,,0,0,0,0,0,0,0,,
0x0000000000062384,M-CASHFLOW,210000,F0021,Anstieg des Cashflow für den Zeitraum,F0009+F0014+F0019,2,0,0,0,,,,,0,0,0,1,0,0,0,,
0x0000000000062386,M-CASHFLOW,220000,P0022,Bargeld am Anfang der Periode,1000..1391,0,0,0,0,,,,,0,0,1,0,2,0,0,,
0x0000000000062387,M-CASHFLOW,230000,F0023,Bargeld am Ende der Periode,-F0021+P0022,2,0,0,0,,,,,1,0,1,0,0,0,0,,
0x000000000006232C,M-EINNAHM,10000,P0001,Einnahmen,8500..8645|8800..8840,0,0,0,0,,,,,1,0,0,1,0,0,0,,
0x000000000006232E,M-EINNAHM,20000,P0002,"Einnahmen, Services",,0,0,1,2,,,,,0,0,0,1,0,0,0,,
0x0000000000062330,M-EINNAHM,30000,P0003,"Einnahmen, Produktverkäufe",8000..8405,0,0,1,2,,,,,0,0,0,1,0,0,0,,
0x0000000000062332,M-EINNAHM,40000,P0004,"Einnahmen, Projekte",,0,0,1,2,,,,,0,0,0,1,0,0,0,,
0x0000000000062334,M-EINNAHM,50000,P0005,Verkaufsrabatte,3700..3796|8700..8798,0,0,1,2,,,,,0,0,0,1,0,0,0,,
0x0000000000062336,M-EINNAHM,60000,P0006,Retouren und Rückstellungen,,0,0,1,2,,,,,0,0,0,1,0,0,0,,
0x0000000000062338,M-EINNAHM,70000,P0007,"Einnahmen, Zinsen",8649..8699,0,0,1,2,,,,,0,0,0,1,0,0,0,,
0x000000000006233A,M-EINNAHM,80000,P0008,Projektverkäufe Gegenkonto,8450..8460,0,0,1,2,,,,,0,0,0,1,0,0,0,,
0x000000000006233B,M-EINNAHM,90000,F0009,Total Einnahmen,P0001..P0008,2,0,0,0,,,,,1,0,0,1,0,0,0,,
0x000000000006233C,M-EINNAHM,100000,P0010,,,0,0,0,0,,,,,0,0,0,0,0,0,0,,
0x000000000006233D,M-EINNAHM,110000,P0011,Wareneinsatz,,0,0,0,0,,,,,1,0,0,0,0,0,0,,
0x000000000006233F,M-EINNAHM,120000,P0012,Arbeit,,0,0,1,2,,,,,0,0,0,0,0,0,0,,
0x0000000000062341,M-EINNAHM,130000,P0013,Materialien,2889..3099|3200..3698|3799..4098|7000..7149|8959..8995,0,0,1,2,,,,,0,0,0,0,0,0,0,,
0x0000000000062343,M-EINNAHM,140000,P0014,Gewährte Rabatte,,0,0,1,2,,,,,0,0,0,0,0,0,0,,
0x0000000000062345,M-EINNAHM,150000,P0015,Projektkosten,3100..3150|4995..5999,0,0,1,2,,,,,0,0,0,0,0,0,0,,
0x0000000000062346,M-EINNAHM,160000,F0016,Total Wareneinsatz,P0011..P0015,2,0,0,0,,,,,1,0,0,0,0,0,0,,
0x0000000000062347,M-EINNAHM,170000,P0017,,,0,0,0,0,,,,,0,0,0,0,0,0,0,,
0x0000000000062348,M-EINNAHM,180000,F0018,Bruttogewinn,F0009+F0016,2,0,0,0,,,,,1,0,0,1,0,0,0,,
0x0000000000062349,M-EINNAHM,190000,P0019,,,0,0,0,0,,,,,0,0,0,0,0,0,0,,
0x000000000006234A,M-EINNAHM,200000,P0020,Ausgaben,1799..2099|4989..4994,0,0,0,0,,,,,1,0,0,0,0,0,0,,
0x000000000006234C,M-EINNAHM,210000,P0021,Mietausgaben,,0,0,1,2,,,,,0,0,0,0,0,0,0,,
0x000000000006234E,M-EINNAHM,220000,P0022,Werbeausgaben,,0,0,1,2,,,,,0,0,0,0,0,0,0,,
0x0000000000062350,M-EINNAHM,230000,P0023,Zinsaufwendungen,2100..2177,0,0,1,2,,,,,0,0,0,0,0,0,0,,
0x0000000000062352,M-EINNAHM,240000,P0024,Gebühren,,0,0,1,2,,,,,0,0,0,0,0,0,0,,
0x0000000000062354,M-EINNAHM,250000,P0025,Versicherungsausgaben,,0,0,1,2,,,,,0,0,0,0,0,0,0,,
0x0000000000062356,M-EINNAHM,260000,P0026,Lohnkosten,,0,0,1,2,,,,,0,0,0,0,0,0,0,,
0x0000000000062358,M-EINNAHM,270000,P0027,Lohnnebenkosten,,0,0,1,2,,,,,0,0,0,0,0,0,0,,
0x000000000006235A,M-EINNAHM,280000,P0028,Ausgaben für Gehälter,4099..4198,0,0,1,2,,,,,0,0,0,0,0,0,0,,
0x000000000006235C,M-EINNAHM,290000,P0029,Ausgaben für Reparaturen und Instandhaltung,,0,0,1,2,,,,,0,0,0,0,0,0,0,,
0x000000000006235E,M-EINNAHM,300000,P0030,Ausgaben für Energieversorgung,4199..4812,0,0,1,2,,,,,0,0,0,0,0,0,0,,
0x0000000000062360,M-EINNAHM,310000,P0031,Sonstige Einnahmen und Ausgaben,2300..2879|4885..4988,0,0,1,2,,,,,0,0,0,0,0,0,0,,
0x0000000000062362,M-EINNAHM,320000,P0032,Steueraufwand,2199..2298|8900..8956,0,0,1,2,,,,,0,0,0,0,0,0,0,,
0x0000000000062364,M-EINNAHM,330000,P0033,Reisespesen,,0,0,1,2,,,,,0,0,0,0,0,0,0,,
0x0000000000062366,M-EINNAHM,340000,P0034,Kraftfahrzeugkosten,,0,0,1,2,,,,,0,0,0,0,0,0,0,,
0x0000000000062368,M-EINNAHM,350000,P0035,Forderungsverluste,,0,0,1,2,,,,,0,0,0,0,0,0,0,,
0x0000000000062369,M-EINNAHM,360000,F0036,Total Ausgaben,P0020..P0035,2,0,0,0,,,,,1,0,0,0,0,0,0,,
0x000000000006236A,M-EINNAHM,370000,P0037,,,0,0,0,0,,,,,0,0,0,0,0,0,0,,
0x000000000006236B,M-EINNAHM,380000,F0038,Nettoeinnahmen,F0018+F0036,2,0,0,0,,,,,1,0,1,1,0,0,0,,
0x000000000004B26B,STANDARD,10000,,,,0,0,0,0,,,,,0,0,0,0,0,0,0,,
0x000000000004B25E,UMSATZ,10000,,UMSATZ,,0,0,0,0,,,,,1,0,0,0,0,0,0,,
0x000000000004B25F,UMSATZ,20000,,,,0,0,0,0,,,,,0,0,0,0,0,0,0,,
0x000000000004B260,UMSATZ,30000,,Handelsumsätze,,0,0,0,0,,,,,0,0,0,0,0,0,0,,
0x000000000004B261,UMSATZ,40000,11,"Verkäufe, Handel - Inland",8400,0,0,0,0,,,,,0,0,0,0,0,0,0,,
0x000000000004B262,UMSATZ,50000,12,"Verkäufe, Handel - EU",8315,0,0,0,0,,,,,0,0,0,0,0,0,0,,
0x000000000004B263,UMSATZ,60000,13,"Verkäufe, Handel - Export",8120,0,0,0,0,,,,,0,0,0,0,0,0,0,,
0x000000000004B264,UMSATZ,70000,14,"Projektumsätze, Handel",8451,0,0,0,0,,,,,0,0,0,0,0,0,0,,
0x000000000004B265,UMSATZ,80000,15,"Handelsumsätze, gesamt",8550,1,0,0,0,,,,,0,0,0,0,0,0,0,,
0x000000000004B266,UMSATZ,90000,,,,0,0,0,0,,,,,0,0,0,0,0,0,0,,
0x000000000004B267,UMSATZ,100000,,"Umsatzgebiet 10..30, gesamt",8400..8550,0,0,0,0,10..30,,,,0,0,0,0,0,0,0,,
0x000000000004B268,UMSATZ,110000,,"Umsatzgebiet 40..85, gesamt",8400..8550,0,0,0,0,40..85,,,,0,0,0,0,0,0,0,,
0x000000000004B269,UMSATZ,120000,,"Umsätze, ohne Gebietscode, gesamt",8400..8550,0,0,0,0,'',,,,0,0,0,0,0,0,0,,
0x000000000004B26A,UMSATZ,130000,,"Umsätze, gesamt",8400..8550,0,0,0,0,,,,,1,0,0,0,0,0,0,,
